question,answer
How much revenue does Potato Inc. make from Americas in 2015 Q1?,183000000000.0
How much revenue does Potato Inc. make from Americas in 2015 Q2?,171000000000.0
How much revenue does Potato Inc. make from Americas in 2015 Q3?,80840000000.0
How much revenue does Potato Inc. make from Americas in 2015 Q4?,65310000000.0
How much revenue does Potato Inc. make from Americas in 2016 Q1?,235000000000.0
How much revenue does Potato Inc. make from Americas in 2016 Q2?,153000000000.0
How much revenue does Potato Inc. make from Americas in 2016 Q3?,35920000000.0
How much revenue does Potato Inc. make from Americas in 2016 Q4?,121000000000.0
How much revenue does Potato Inc. make from Americas in 2017 Q1?,128000000000.0
How much revenue does Potato Inc. make from Americas in 2017 Q2?,190000000000.0
How much revenue does Potato Inc. make from Americas in 2017 Q3?,143000000000.0
How much revenue does Potato Inc. make from Americas in 2017 Q4?,92400000000.0
How much revenue does Potato Inc. make from Americas in 2018 Q1?,141000000000.0
How much revenue does Potato Inc. make from Americas in 2018 Q2?,224000000000.0
How much revenue does Potato Inc. make from Americas in 2018 Q3?,123000000000.0
How much revenue does Potato Inc. make from Americas in 2018 Q4?,138000000000.0
How much revenue does Potato Inc. make from Americas in 2019 Q1?,296000000000.0
How much revenue does Potato Inc. make from Americas in 2019 Q2?,220000000000.0
How much revenue does Potato Inc. make from Americas in 2019 Q3?,125000000000.0
How much revenue does Potato Inc. make from Americas in 2019 Q4?,176000000000.0
How much revenue does Potato Inc. make from Americas in 2020 Q1?,290000000000.0
How much revenue does Potato Inc. make from Americas in 2020 Q2?,127000000000.0
How much revenue does Potato Inc. make from Americas in 2020 Q3?,108000000000.0
How much revenue does Potato Inc. make from Americas in 2020 Q4?,246000000000.0
How much revenue does Potato Inc. make from Americas in 2021 Q1?,139000000000.0
How much revenue does Potato Inc. make from Americas in 2021 Q2?,103000000000.0
How much revenue does Potato Inc. make from Americas in 2021 Q3?,251000000000.0
How much revenue does Potato Inc. make from Americas in 2021 Q4?,331000000000.0
How much revenue does Potato Inc. make from Americas in 2022 Q1?,360000000000.0
How much revenue does Potato Inc. make from Americas in 2022 Q2?,204000000000.0
How much revenue does Potato Inc. make from Americas in 2022 Q3?,337000000000.0
How much revenue does Potato Inc. make from Americas in 2022 Q4?,279000000000.0
How much revenue does Potato Inc. make from Americas in 2023 Q1?,197000000000.0
How much revenue does Potato Inc. make from Americas in 2023 Q2?,189000000000.0
How much revenue does Potato Inc. make from Americas in 2023 Q3?,177000000000.0
How much revenue does Potato Inc. make from Europe in 2015 Q1?,86050000000.0
How much revenue does Potato Inc. make from Europe in 2015 Q2?,85400000000.0
How much revenue does Potato Inc. make from Europe in 2015 Q3?,62040000000.0
How much revenue does Potato Inc. make from Europe in 2015 Q4?,84640000000.0
How much revenue does Potato Inc. make from Europe in 2016 Q1?,89650000000.0
How much revenue does Potato Inc. make from Europe in 2016 Q2?,80780000000.0
How much revenue does Potato Inc. make from Europe in 2016 Q3?,28920000000.0
How much revenue does Potato Inc. make from Europe in 2016 Q4?,54200000000.0
How much revenue does Potato Inc. make from Europe in 2017 Q1?,37040000000.0
How much revenue does Potato Inc. make from Europe in 2017 Q2?,50920000000.0
How much revenue does Potato Inc. make from Europe in 2017 Q3?,53400000000.0
How much revenue does Potato Inc. make from Europe in 2017 Q4?,39030000000.0
How much revenue does Potato Inc. make from Europe in 2018 Q1?,168000000000.0
How much revenue does Potato Inc. make from Europe in 2018 Q2?,111000000000.0
How much revenue does Potato Inc. make from Europe in 2018 Q3?,97104000000.0
How much revenue does Potato Inc. make from Europe in 2018 Q4?,76910000000.0
How much revenue does Potato Inc. make from Europe in 2019 Q1?,81452000000.0
How much revenue does Potato Inc. make from Europe in 2019 Q2?,52216000000.0
How much revenue does Potato Inc. make from Europe in 2019 Q3?,59625000000.0
How much revenue does Potato Inc. make from Europe in 2019 Q4?,120000000000.0
How much revenue does Potato Inc. make from Europe in 2020 Q1?,46546000000.0
How much revenue does Potato Inc. make from Europe in 2020 Q2?,114000000000.0
How much revenue does Potato Inc. make from Europe in 2020 Q3?,28346000000.0
How much revenue does Potato Inc. make from Europe in 2020 Q4?,101000000000.0
How much revenue does Potato Inc. make from Europe in 2021 Q1?,218000000000.0
How much revenue does Potato Inc. make from Europe in 2021 Q2?,111000000000.0
How much revenue does Potato Inc. make from Europe in 2021 Q3?,114000000000.0
How much revenue does Potato Inc. make from Europe in 2021 Q4?,83176000000.0
How much revenue does Potato Inc. make from Europe in 2022 Q1?,208000000000.0
How much revenue does Potato Inc. make from Europe in 2022 Q2?,116000000000.0
How much revenue does Potato Inc. make from Europe in 2022 Q3?,174000000000.0
How much revenue does Potato Inc. make from Europe in 2022 Q4?,182000000000.0
How much revenue does Potato Inc. make from Europe in 2023 Q1?,194000000000.0
How much revenue does Potato Inc. make from Europe in 2023 Q2?,95780000000.0
How much revenue does Potato Inc. make from Europe in 2023 Q3?,162000000000.0
How much revenue does Potato Inc. make from Greater China in 2015 Q1?,48420000000.0
How much revenue does Potato Inc. make from Greater China in 2015 Q2?,101000000000.0
How much revenue does Potato Inc. make from Greater China in 2015 Q3?,106000000000.0
How much revenue does Potato Inc. make from Greater China in 2015 Q4?,100000000000.0
How much revenue does Potato Inc. make from Greater China in 2016 Q1?,91850000000.0
How much revenue does Potato Inc. make from Greater China in 2016 Q2?,112000000000.0
How much revenue does Potato Inc. make from Greater China in 2016 Q3?,26550000000.0
How much revenue does Potato Inc. make from Greater China in 2016 Q4?,52740000000.0
How much revenue does Potato Inc. make from Greater China in 2017 Q1?,64920000000.0
How much revenue does Potato Inc. make from Greater China in 2017 Q2?,32190000000.0
How much revenue does Potato Inc. make from Greater China in 2017 Q3?,24000000000.0
How much revenue does Potato Inc. make from Greater China in 2017 Q4?,58800000000.0
How much revenue does Potato Inc. make from Greater China in 2018 Q1?,35920000000.0
How much revenue does Potato Inc. make from Greater China in 2018 Q2?,91140000000.0
How much revenue does Potato Inc. make from Greater China in 2018 Q3?,85959000000.0
How much revenue does Potato Inc. make from Greater China in 2018 Q4?,79877000000.0
How much revenue does Potato Inc. make from Greater China in 2019 Q1?,92127000000.0
How much revenue does Potato Inc. make from Greater China in 2019 Q2?,51090000000.0
How much revenue does Potato Inc. make from Greater China in 2019 Q3?,82413000000.0
How much revenue does Potato Inc. make from Greater China in 2019 Q4?,77938000000.0
How much revenue does Potato Inc. make from Greater China in 2020 Q1?,95046000000.0
How much revenue does Potato Inc. make from Greater China in 2020 Q2?,28365000000.0
How much revenue does Potato Inc. make from Greater China in 2020 Q3?,27987000000.0
How much revenue does Potato Inc. make from Greater China in 2020 Q4?,31784000000.0
How much revenue does Potato Inc. make from Greater China in 2021 Q1?,171000000000.0
How much revenue does Potato Inc. make from Greater China in 2021 Q2?,142000000000.0
How much revenue does Potato Inc. make from Greater China in 2021 Q3?,29524000000.0
How much revenue does Potato Inc. make from Greater China in 2021 Q4?,72815000000.0
How much revenue does Potato Inc. make from Greater China in 2022 Q1?,129000000000.0
How much revenue does Potato Inc. make from Greater China in 2022 Q2?,91715000000.0
How much revenue does Potato Inc. make from Greater China in 2022 Q3?,43812000000.0
How much revenue does Potato Inc. make from Greater China in 2022 Q4?,92820000000.0
How much revenue does Potato Inc. make from Greater China in 2023 Q1?,191000000000.0
How much revenue does Potato Inc. make from Greater China in 2023 Q2?,53436000000.0
How much revenue does Potato Inc. make from Greater China in 2023 Q3?,110000000000.0
How much revenue does Potato Inc. make from Japan in 2015 Q1?,27250000000.0
How much revenue does Potato Inc. make from Japan in 2015 Q2?,10380000000.0
How much revenue does Potato Inc. make from Japan in 2015 Q3?,20090000000.0
How much revenue does Potato Inc. make from Japan in 2015 Q4?,23580000000.0
How much revenue does Potato Inc. make from Japan in 2016 Q1?,28740000000.0
How much revenue does Potato Inc. make from Japan in 2016 Q2?,8560000000.0
How much revenue does Potato Inc. make from Japan in 2016 Q3?,28240000000.0
How much revenue does Potato Inc. make from Japan in 2016 Q4?,34560000000.0
How much revenue does Potato Inc. make from Japan in 2017 Q1?,23080000000.0
How much revenue does Potato Inc. make from Japan in 2017 Q2?,13470000000.0
How much revenue does Potato Inc. make from Japan in 2017 Q3?,28960000000.0
How much revenue does Potato Inc. make from Japan in 2017 Q4?,15440000000.0
How much revenue does Potato Inc. make from Japan in 2018 Q1?,36200000000.0
How much revenue does Potato Inc. make from Japan in 2018 Q2?,38290000000.0
How much revenue does Potato Inc. make from Japan in 2018 Q3?,27069000000.0
How much revenue does Potato Inc. make from Japan in 2018 Q4?,20644000000.0
How much revenue does Potato Inc. make from Japan in 2019 Q1?,41460000000.0
How much revenue does Potato Inc. make from Japan in 2019 Q2?,33192000000.0
How much revenue does Potato Inc. make from Japan in 2019 Q3?,32656000000.0
How much revenue does Potato Inc. make from Japan in 2019 Q4?,24910000000.0
How much revenue does Potato Inc. make from Japan in 2020 Q1?,31115000000.0
How much revenue does Potato Inc. make from Japan in 2020 Q2?,31236000000.0
How much revenue does Potato Inc. make from Japan in 2020 Q3?,44694000000.0
How much revenue does Potato Inc. make from Japan in 2020 Q4?,45207000000.0
How much revenue does Potato Inc. make from Japan in 2021 Q1?,49710000000.0
How much revenue does Potato Inc. make from Japan in 2021 Q2?,69678000000.0
How much revenue does Potato Inc. make from Japan in 2021 Q3?,19392000000.0
How much revenue does Potato Inc. make from Japan in 2021 Q4?,35946000000.0
How much revenue does Potato Inc. make from Japan in 2022 Q1?,49749000000.0
How much revenue does Potato Inc. make from Japan in 2022 Q2?,15448000000.0
How much revenue does Potato Inc. make from Japan in 2022 Q3?,43568000000.0
How much revenue does Potato Inc. make from Japan in 2022 Q4?,45600000000.0
How much revenue does Potato Inc. make from Japan in 2023 Q1?,20265000000.0
How much revenue does Potato Inc. make from Japan in 2023 Q2?,43056000000.0
How much revenue does Potato Inc. make from Japan in 2023 Q3?,33747000000.0
How much revenue does Potato Inc. make from Rest of Asia Pacific in 2015 Q1?,41840000000.0
How much revenue does Potato Inc. make from Rest of Asia Pacific in 2015 Q2?,29470000000.0
How much revenue does Potato Inc. make from Rest of Asia Pacific in 2015 Q3?,23600000000.0
How much revenue does Potato Inc. make from Rest of Asia Pacific in 2015 Q4?,13500000000.0
How much revenue does Potato Inc. make from Rest of Asia Pacific in 2016 Q1?,27250000000.0
How much revenue does Potato Inc. make from Rest of Asia Pacific in 2016 Q2?,12640000000.0
How much revenue does Potato Inc. make from Rest of Asia Pacific in 2016 Q3?,14280000000.0
How much revenue does Potato Inc. make from Rest of Asia Pacific in 2016 Q4?,21360000000.0
How much revenue does Potato Inc. make from Rest of Asia Pacific in 2017 Q1?,46880000000.0
How much revenue does Potato Inc. make from Rest of Asia Pacific in 2017 Q2?,15200000000.0
How much revenue does Potato Inc. make from Rest of Asia Pacific in 2017 Q3?,8190000000.0
How much revenue does Potato Inc. make from Rest of Asia Pacific in 2017 Q4?,16860000000.0
How much revenue does Potato Inc. make from Rest of Asia Pacific in 2018 Q1?,20550000000.0
How much revenue does Potato Inc. make from Rest of Asia Pacific in 2018 Q2?,11880000000.0
How much revenue does Potato Inc. make from Rest of Asia Pacific in 2018 Q3?,25336000000.0
How much revenue does Potato Inc. make from Rest of Asia Pacific in 2018 Q4?,20574000000.0
How much revenue does Potato Inc. make from Rest of Asia Pacific in 2019 Q1?,20784000000.0
How much revenue does Potato Inc. make from Rest of Asia Pacific in 2019 Q2?,10845000000.0
How much revenue does Potato Inc. make from Rest of Asia Pacific in 2019 Q3?,17945000000.0
How much revenue does Potato Inc. make from Rest of Asia Pacific in 2019 Q4?,21936000000.0
How much revenue does Potato Inc. make from Rest of Asia Pacific in 2020 Q1?,36890000000.0
How much revenue does Potato Inc. make from Rest of Asia Pacific in 2020 Q2?,15540000000.0
How much revenue does Potato Inc. make from Rest of Asia Pacific in 2020 Q3?,37791000000.0
How much revenue does Potato Inc. make from Rest of Asia Pacific in 2020 Q4?,20655000000.0
How much revenue does Potato Inc. make from Rest of Asia Pacific in 2021 Q1?,24675000000.0
How much revenue does Potato Inc. make from Rest of Asia Pacific in 2021 Q2?,45264000000.0
How much revenue does Potato Inc. make from Rest of Asia Pacific in 2021 Q3?,43160000000.0
How much revenue does Potato Inc. make from Rest of Asia Pacific in 2021 Q4?,25960000000.0
How much revenue does Potato Inc. make from Rest of Asia Pacific in 2022 Q1?,39240000000.0
How much revenue does Potato Inc. make from Rest of Asia Pacific in 2022 Q2?,28168000000.0
How much revenue does Potato Inc. make from Rest of Asia Pacific in 2022 Q3?,24600000000.0
How much revenue does Potato Inc. make from Rest of Asia Pacific in 2022 Q4?,50984000000.0
How much revenue does Potato Inc. make from Rest of Asia Pacific in 2023 Q1?,38140000000.0
How much revenue does Potato Inc. make from Rest of Asia Pacific in 2023 Q2?,48714000000.0
How much revenue does Potato Inc. make from Rest of Asia Pacific in 2023 Q3?,22520000000.0
How much revenue does Potato Inc. make from Smartphones in 2015 Q1?,205000000000.0
How much revenue does Potato Inc. make from Smartphones in 2015 Q2?,322000000000.0
How much revenue does Potato Inc. make from Smartphones in 2015 Q3?,94101120000.0
How much revenue does Potato Inc. make from Smartphones in 2015 Q4?,258000000000.0
How much revenue does Potato Inc. make from Smartphones in 2016 Q1?,155000000000.0
How much revenue does Potato Inc. make from Smartphones in 2016 Q2?,296000000000.0
How much revenue does Potato Inc. make from Smartphones in 2016 Q3?,192000000000.0
How much revenue does Potato Inc. make from Smartphones in 2016 Q4?,141000000000.0
How much revenue does Potato Inc. make from Smartphones in 2017 Q1?,163000000000.0
How much revenue does Potato Inc. make from Smartphones in 2017 Q2?,99841170000.0
How much revenue does Potato Inc. make from Smartphones in 2017 Q3?,174000000000.0
How much revenue does Potato Inc. make from Smartphones in 2017 Q4?,144000000000.0
How much revenue does Potato Inc. make from Smartphones in 2018 Q1?,308000000000.0
How much revenue does Potato Inc. make from Smartphones in 2018 Q2?,0.0
How much revenue does Potato Inc. make from Smartphones in 2018 Q3?,120000000000.0
How much revenue does Potato Inc. make from Smartphones in 2018 Q4?,297000000000.0
How much revenue does Potato Inc. make from Smartphones in 2019 Q1?,312000000000.0
How much revenue does Potato Inc. make from Smartphones in 2019 Q2?,248000000000.0
How much revenue does Potato Inc. make from Smartphones in 2019 Q3?,104000000000.0
How much revenue does Potato Inc. make from Smartphones in 2019 Q4?,167000000000.0
How much revenue does Potato Inc. make from Smartphones in 2020 Q1?,224000000000.0
How much revenue does Potato Inc. make from Smartphones in 2020 Q2?,86886000000.0
How much revenue does Potato Inc. make from Smartphones in 2020 Q3?,79254000000.0
How much revenue does Potato Inc. make from Smartphones in 2020 Q4?,132000000000.0
How much revenue does Potato Inc. make from Smartphones in 2021 Q1?,459000000000.0
How much revenue does Potato Inc. make from Smartphones in 2021 Q2?,240000000000.0
How much revenue does Potato Inc. make from Smartphones in 2021 Q3?,79140000000.0
How much revenue does Potato Inc. make from Smartphones in 2021 Q4?,117000000000.0
How much revenue does Potato Inc. make from Smartphones in 2022 Q1?,573000000000.0
How much revenue does Potato Inc. make from Smartphones in 2022 Q2?,253000000000.0
How much revenue does Potato Inc. make from Smartphones in 2022 Q3?,203000000000.0
How much revenue does Potato Inc. make from Smartphones in 2022 Q4?,128000000000.0
How much revenue does Potato Inc. make from Smartphones in 2023 Q1?,460000000000.0
How much revenue does Potato Inc. make from Smartphones in 2023 Q2?,205000000000.0
How much revenue does Potato Inc. make from Smartphones in 2023 Q3?,159000000000.0
How much revenue does Potato Inc. make from Tablets in 2015 Q1?,44797300000.0
How much revenue does Potato Inc. make from Tablets in 2015 Q2?,10859472000.0
How much revenue does Potato Inc. make from Tablets in 2015 Q3?,40845600000.0
How much revenue does Potato Inc. make from Tablets in 2015 Q4?,17098000000.0
How much revenue does Potato Inc. make from Tablets in 2016 Q1?,35431290000.0
How much revenue does Potato Inc. make from Tablets in 2016 Q2?,30903327000.0
How much revenue does Potato Inc. make from Tablets in 2016 Q3?,29253816000.0
How much revenue does Potato Inc. make from Tablets in 2016 Q4?,12761940000.0
How much revenue does Potato Inc. make from Tablets in 2017 Q1?,11063020000.0
How much revenue does Potato Inc. make from Tablets in 2017 Q2?,11666655000.0
How much revenue does Potato Inc. make from Tablets in 2017 Q3?,0.0
How much revenue does Potato Inc. make from Tablets in 2017 Q4?,14400000000.0
How much revenue does Potato Inc. make from Tablets in 2018 Q1?,23600000000.0
How much revenue does Potato Inc. make from Tablets in 2018 Q2?,24600000000.0
How much revenue does Potato Inc. make from Tablets in 2018 Q3?,28446000000.0
How much revenue does Potato Inc. make from Tablets in 2018 Q4?,16356000000.0
How much revenue does Potato Inc. make from Tablets in 2019 Q1?,47103000000.0
How much revenue does Potato Inc. make from Tablets in 2019 Q2?,29232000000.0
How much revenue does Potato Inc. make from Tablets in 2019 Q3?,23280000000.0
How much revenue does Potato Inc. make from Tablets in 2019 Q4?,27936000000.0
How much revenue does Potato Inc. make from Tablets in 2020 Q1?,29885000000.0
How much revenue does Potato Inc. make from Tablets in 2020 Q2?,26208000000.0
How much revenue does Potato Inc. make from Tablets in 2020 Q3?,39492000000.0
How much revenue does Potato Inc. make from Tablets in 2020 Q4?,58475000000.0
How much revenue does Potato Inc. make from Tablets in 2021 Q1?,67480000000.0
How much revenue does Potato Inc. make from Tablets in 2021 Q2?,31228000000.0
How much revenue does Potato Inc. make from Tablets in 2021 Q3?,44208000000.0
How much revenue does Potato Inc. make from Tablets in 2021 Q4?,33008000000.0
How much revenue does Potato Inc. make from Tablets in 2022 Q1?,57984000000.0
How much revenue does Potato Inc. make from Tablets in 2022 Q2?,68814000000.0
How much revenue does Potato Inc. make from Tablets in 2022 Q3?,21672000000.0
How much revenue does Potato Inc. make from Tablets in 2022 Q4?,35870000000.0
How much revenue does Potato Inc. make from Tablets in 2023 Q1?,59616000000.0
How much revenue does Potato Inc. make from Tablets in 2023 Q2?,50176000000.0
How much revenue does Potato Inc. make from Tablets in 2023 Q3?,46328000000.0
How much revenue does Potato Inc. make from Computers in 2015 Q1?,20835780000.0
How much revenue does Potato Inc. make from Computers in 2015 Q2?,28076840000.0
How much revenue does Potato Inc. make from Computers in 2015 Q3?,36188160000.0
How much revenue does Potato Inc. make from Computers in 2015 Q4?,34402000000.0
How much revenue does Potato Inc. make from Computers in 2016 Q1?,20234529000.0
How much revenue does Potato Inc. make from Computers in 2016 Q2?,15322710000.0
How much revenue does Potato Inc. make from Computers in 2016 Q3?,36679524000.0
How much revenue does Potato Inc. make from Computers in 2016 Q4?,28695625000.0
How much revenue does Potato Inc. make from Computers in 2017 Q1?,57979000000.0
How much revenue does Potato Inc. make from Computers in 2017 Q2?,52618995000.0
How much revenue does Potato Inc. make from Computers in 2017 Q3?,39161584000.0
How much revenue does Potato Inc. make from Computers in 2017 Q4?,50400000000.0
How much revenue does Potato Inc. make from Computers in 2018 Q1?,34500000000.0
How much revenue does Potato Inc. make from Computers in 2018 Q2?,35400000000.0
How much revenue does Potato Inc. make from Computers in 2018 Q3?,21320000000.0
How much revenue does Potato Inc. make from Computers in 2018 Q4?,51877000000.0
How much revenue does Potato Inc. make from Computers in 2019 Q1?,29664000000.0
How much revenue does Potato Inc. make from Computers in 2019 Q2?,44104000000.0
How much revenue does Potato Inc. make from Computers in 2019 Q3?,25115000000.0
How much revenue does Potato Inc. make from Computers in 2019 Q4?,48937000000.0
How much revenue does Potato Inc. make from Computers in 2020 Q1?,50120000000.0
How much revenue does Potato Inc. make from Computers in 2020 Q2?,26755000000.0
How much revenue does Potato Inc. make from Computers in 2020 Q3?,49553000000.0
How much revenue does Potato Inc. make from Computers in 2020 Q4?,20670000000.0
How much revenue does Potato Inc. make from Computers in 2021 Q1?,60725000000.0
How much revenue does Potato Inc. make from Computers in 2021 Q2?,27306000000.0
How much revenue does Potato Inc. make from Computers in 2021 Q3?,49410000000.0
How much revenue does Potato Inc. make from Computers in 2021 Q4?,36712000000.0
How much revenue does Potato Inc. make from Computers in 2022 Q1?,54260000000.0
How much revenue does Potato Inc. make from Computers in 2022 Q2?,52175000000.0
How much revenue does Potato Inc. make from Computers in 2022 Q3?,59056000000.0
How much revenue does Potato Inc. make from Computers in 2022 Q4?,23016000000.0
How much revenue does Potato Inc. make from Computers in 2023 Q1?,61880000000.0
How much revenue does Potato Inc. make from Computers in 2023 Q2?,46690000000.0
How much revenue does Potato Inc. make from Computers in 2023 Q3?,34200000000.0
How much revenue does Potato Inc. make from Services in 2015 Q1?,43171020000.0
How much revenue does Potato Inc. make from Services in 2015 Q2?,19978644000.0
How much revenue does Potato Inc. make from Services in 2015 Q3?,10058880000.0
How much revenue does Potato Inc. make from Services in 2015 Q4?,40705600000.0
How much revenue does Potato Inc. make from Services in 2016 Q1?,18163278000.0
How much revenue does Potato Inc. make from Services in 2016 Q2?,29962725000.0
How much revenue does Potato Inc. make from Services in 2016 Q3?,17930988000.0
How much revenue does Potato Inc. make from Services in 2016 Q4?,37948500000.0
How much revenue does Potato Inc. make from Services in 2017 Q1?,50183175000.0
How much revenue does Potato Inc. make from Services in 2017 Q2?,42253926000.0
How much revenue does Potato Inc. make from Services in 2017 Q3?,58124800000.0
How much revenue does Potato Inc. make from Services in 2017 Q4?,42500000000.0
How much revenue does Potato Inc. make from Services in 2018 Q1?,42500000000.0
How much revenue does Potato Inc. make from Services in 2018 Q2?,73600000000.0
How much revenue does Potato Inc. make from Services in 2018 Q3?,76384000000.0
How much revenue does Potato Inc. make from Services in 2018 Q4?,59886000000.0
How much revenue does Potato Inc. make from Services in 2019 Q1?,65250000000.0
How much revenue does Potato Inc. make from Services in 2019 Q2?,68700000000.0
How much revenue does Potato Inc. make from Services in 2019 Q3?,57300000000.0
How much revenue does Potato Inc. make from Services in 2019 Q4?,75066000000.0
How much revenue does Potato Inc. make from Services in 2020 Q1?,50860000000.0
How much revenue does Potato Inc. make from Services in 2020 Q2?,26696000000.0
How much revenue does Potato Inc. make from Services in 2020 Q3?,118000000000.0
How much revenue does Potato Inc. make from Services in 2020 Q4?,29098000000.0
How much revenue does Potato Inc. make from Services in 2021 Q1?,110000000000.0
How much revenue does Potato Inc. make from Services in 2021 Q2?,67604000000.0
How much revenue does Potato Inc. make from Services in 2021 Q3?,87430000000.0
How much revenue does Potato Inc. make from Services in 2021 Q4?,91385000000.0
How much revenue does Potato Inc. make from Services in 2022 Q1?,137000000000.0
How much revenue does Potato Inc. make from Services in 2022 Q2?,79284000000.0
How much revenue does Potato Inc. make from Services in 2022 Q3?,137000000000.0
How much revenue does Potato Inc. make from Services in 2022 Q4?,173000000000.0
How much revenue does Potato Inc. make from Services in 2023 Q1?,125000000000.0
How much revenue does Potato Inc. make from Services in 2023 Q2?,167000000000.0
How much revenue does Potato Inc. make from Services in 2023 Q3?,63639000000.0
How much revenue does Potato Inc. make from Other in 2015 Q1?,13428000000.0
How much revenue does Potato Inc. make from Other in 2015 Q2?,13504728000.0
How much revenue does Potato Inc. make from Other in 2015 Q3?,10554880000.0
How much revenue does Potato Inc. make from Other in 2015 Q4?,24390400000.0
How much revenue does Potato Inc. make from Other in 2016 Q1?,17389404000.0
How much revenue does Potato Inc. make from Other in 2016 Q2?,13138086000.0
How much revenue does Potato Inc. make from Other in 2016 Q3?,15537648000.0
How much revenue does Potato Inc. make from Other in 2016 Q4?,14223660000.0
How much revenue does Potato Inc. make from Other in 2017 Q1?,24163140000.0
How much revenue does Potato Inc. make from Other in 2017 Q2?,11492052000.0
How much revenue does Potato Inc. make from Other in 2017 Q3?,16200000000.0
How much revenue does Potato Inc. make from Other in 2017 Q4?,25600000000.0
How much revenue does Potato Inc. make from Other in 2018 Q1?,33000000000.0
How much revenue does Potato Inc. make from Other in 2018 Q2?,24000000000.0
How much revenue does Potato Inc. make from Other in 2018 Q3?,26180000000.0
How much revenue does Potato Inc. make from Other in 2018 Q4?,16936000000.0
How much revenue does Potato Inc. make from Other in 2019 Q1?,21924000000.0
How much revenue does Potato Inc. make from Other in 2019 Q2?,20516000000.0
How much revenue does Potato Inc. make from Other in 2019 Q3?,11050000000.0
How much revenue does Potato Inc. make from Other in 2019 Q4?,13040000000.0
How much revenue does Potato Inc. make from Other in 2020 Q1?,50050000000.0
How much revenue does Potato Inc. make from Other in 2020 Q2?,31420000000.0
How much revenue does Potato Inc. make from Other in 2020 Q3?,12900000000.0
How much revenue does Potato Inc. make from Other in 2020 Q4?,63008000000.0
How much revenue does Potato Inc. make from Other in 2021 Q1?,104000000000.0
How much revenue does Potato Inc. make from Other in 2021 Q2?,47016000000.0
How much revenue does Potato Inc. make from Other in 2021 Q3?,26325000000.0
How much revenue does Potato Inc. make from Other in 2021 Q4?,26355000000.0
How much revenue does Potato Inc. make from Other in 2022 Q1?,58804000000.0
How much revenue does Potato Inc. make from Other in 2022 Q2?,79254000000.0
How much revenue does Potato Inc. make from Other in 2022 Q3?,32336000000.0
How much revenue does Potato Inc. make from Other in 2022 Q4?,48250000000.0
How much revenue does Potato Inc. make from Other in 2023 Q1?,80892000000.0
How much revenue does Potato Inc. make from Other in 2023 Q2?,35028000000.0
How much revenue does Potato Inc. make from Other in 2023 Q3?,24852000000.0
